<?xml version="1.0" encoding="UTF-8" ?>
<widget xmlns="http://www.w3.org/ns/widgets" xmlns:gap="http://phonegap.com/ns/1.0" xmlns:cdv="http://cordova.apache.org/ns/1.0" xmlns:android="http://schemas.android.com/apk/res/android" android-versionCode="2" version="1.0.0" id="com.meupatrocinio.appmeupatrocinio"  >
<!-- This file was generated by the Intel XDK Cordova Package Build tool. -->
<name>Meu Patrocinio</name>
<description>APP MEU PATROCINIO</description>
<author>nucleoart.com</author>
<content src="index.html"/>
<preference name="android-build-tool" value="gradle" />
<platform name="android" >
    <access origin="*"/>
</platform>
<preference name="phonegap-version" value="cli-6.0.0" />
<preference name="xwalkMultipleApk" value="false" />
<plugin name="cordova-plugin-crosswalk-webview"/>
<plugin name="cordova-plugin-device" spec="1.1.1"/>
<plugin name="cordova-plugin-splashscreen" spec="3.2.0"/>
<plugin name="cordova-plugin-camera" spec="2.2.0"/>
<plugin name="com.phonegap.plugins.PushPlugin" spec="https://github.com/phonegap-build/PushPlugin.git"/> <!-- If available via Cordova registry; consider changing to an NPM reference. -->
<plugin name="cordova-plugin-compat" spec="1.0.0"/>
<plugin name="cordova-plugin-whitelist" spec="1.2.2"/>
<platform name="android" >
    <preference name="android-minSdkVersion" value="16"/>
    <preference name="android-targetSdkVersion" value="19"/>
    <preference name="android-installLocation" value="auto"/>
    <preference name="Fullscreen" value="false"/>
    <preference name="AndroidLaunchMode" value="singleTop"/>
</platform>
<splash platform="android" src="package-assets/img/splash_h320x426.png" density="ldpi" width="320" height="426" orientation="portrait"/>
<splash platform="android" src="package-assets/img/splash_h320x470.png" density="mdpi" width="320" height="470" orientation="portrait"/>
<splash platform="android" src="package-assets/img/splash_h480x640.png" density="hdpi" width="480" height="640" orientation="portrait"/>
<splash platform="android" src="package-assets/img/splash_h720x960.png" density="xhdpi" width="720" height="960" orientation="portrait"/>
<splash platform="android" src="package-assets/img/splash_h426x320.png" density="ldpi" width="426" height="320" orientation="landscape"/>
<splash platform="android" src="package-assets/img/splash_h470x320.png" density="mdpi" width="470" height="320" orientation="landscape"/>
<splash platform="android" src="package-assets/img/splash_h640x480.png" density="hdpi" width="640" height="480" orientation="landscape"/>
<splash platform="android" src="package-assets/img/splash_h960x720.png" density="xhdpi" width="960" height="720" orientation="landscape"/>
<icon platform="android" src="package-assets/img/icon_36x36.png" density="ldpi" width="36" height="36"/>
<icon platform="android" src="package-assets/img/icon_48x48.png" density="mdpi" width="48" height="48"/>
<icon platform="android" src="package-assets/img/icon_72x72.png" density="hdpi" width="72" height="72"/>
<icon platform="android" src="package-assets/img/icon_96x96.png" density="xhdpi" width="96" height="96"/>
<config-file platform="android" parent="/manifest/application" mode="merge"> 
    <activity android:launchMode="singleTop" />
</config-file>
</widget>
